"J7";"andof";"Java";"140.07610721824327"
"J7";"binarytrees";"Java";"151.04943760003727"
"J7";"enigmandroid";"Java";"230.38115305774372"
"J7";"fannkuch";"Java";"848.5452576809565"
"J7";"fasta";"Java";"60.514872572821"
"J7";"fastap";"Java";"10.289184297302404"
"J7";"knucleotide";"Java";"321.79388567895893"
"J7";"nbody";"Java";"690.1719874289261"
"J7";"regexdna";"Java";"395.90095192397433"
"J7";"regexdnap";"Java";"203.54849641537982"
"J7";"revcomp";"Java";"253.90484629129097"
"J7";"spectral";"Java";"332.15662444317496"
"J7";"trirosebatch";"Java";"7.160378880318166"
"J7";"trirosestepwise";"Java";"7.590901124816181"
"L90";"binarytrees";"Java";"645.634120694364"
"L90";"fannkuch";"Java";"5029.959114809545"
"L90";"fasta";"Java";"160.7999681022485"
"L90";"fastap";"Java";"29.319136609384213"
"L90";"knucleotide";"Java";"1135.8485521119817"
"L90";"nbody";"Java";"2168.473218296026"
"L90";"regexdna";"Java";"327.6462623104954"
"L90";"regexdnap";"Java";"181.3416830581665"
"L90";"revcomp";"Java";"34.49364169595209"
"L90";"spectral";"Java";"2076.5077801091516"
"N5";"binarytrees";"Java";"346.32512869014533"
"N5";"fannkuch";"Java";"2032.0379866971969"
"N5";"fasta";"Java";"82.67820337264156"
"N5";"fastap";"Java";"70.21812938056708"
"N5";"knucleotide";"Java";"633.9658190079625"
"N5";"nbody";"Java";"344.5434569218778"
"N5";"regexdna";"Java";"1219.1895135388397"
"N5";"regexdnap";"Java";"260.50302496333416"
"N5";"revcomp";"Java";"9.120293980504831"
"N5";"spectral";"Java";"384.80731092316057"
"N7";"binarytrees";"Java";"284.8794149448109"
"N7";"fannkuch";"Java";"1628.485431446457"
"N7";"fasta";"Java";"199.357427589407"
"N7";"fastap";"Java";"93.7882907706515"
"N7";"knucleotide";"Java";"471.16599013114944"
"N7";"nbody";"Java";"764.7967094595973"
"N7";"regexdna";"Java";"242.6962450715764"
"N7";"regexdnap";"Java";"144.27858269874574"
"N7";"revcomp";"Java";"31.44875634256363"
"N7";"spectral";"Java";"773.6858547922643"
"Zenfone";"binarytrees";"Java";"773.9479556715902"
"Zenfone";"fannkuch";"Java";"5677.920623769125"
"Zenfone";"fasta";"Java";"311.4705945699883"
"Zenfone";"fastap";"Java";"80.85620390928267"
"Zenfone";"knucleotide";"Java";"2103.3502952796935"
"Zenfone";"nbody";"Java";"1198.6577014870322"
"Zenfone";"regexdna";"Java";"464.017030125192"
"Zenfone";"regexdnap";"Java";"299.6670753192202"
"Zenfone";"revcomp";"Java";"106.35839354032515"
"Zenfone";"spectral";"Java";"2675.7217593549085"
