"J7";"andof";"NDK";"0.15745013036015956"
"J7";"binarytrees";"NDK";"3184.2054452130637"
"J7";"enigmandroid";"NDK";"27.703353953071595"
"J7";"fannkuch";"NDK";"879.4304552204676"
"J7";"fasta";"NDK";"359.0043632288633"
"J7";"fastap";"NDK";"85.11815439182281"
"J7";"knucleotide";"NDK";"51.10978582532065"
"J7";"nbody";"NDK";"485.24551404215674"
"J7";"regexdna";"NDK";"64.61531705345834"
"J7";"regexdnap";"NDK";"46.14597986117636"
"J7";"revcomp";"NDK";"1.3115605820418768"
"J7";"spectral";"NDK";"168.81349217449733"
"J7";"trirosebatch";"NDK";"7.186373298428061"
"J7";"trirosestepwise";"NDK";"7.830773351241747"
"L90";"binarytrees";"NDK";"3952.8719585906974"
"L90";"fannkuch";"NDK";"3279.6443337446844"
"L90";"fasta";"NDK";"863.0907443097432"
"L90";"fastap";"NDK";"218.47348735603967"
"L90";"knucleotide";"NDK";"98.67055849454765"
"L90";"nbody";"NDK";"9845.738896149187"
"L90";"regexdna";"NDK";"219.21679629472735"
"L90";"regexdnap";"NDK";"144.5700066526667"
"L90";"revcomp";"NDK";"11.3202144572756"
"L90";"spectral";"NDK";"1009.7274268637339"
"N5";"binarytrees";"NDK";"1524.113116296196"
"N5";"fannkuch";"NDK";"2459.5700373353325"
"N5";"fasta";"NDK";"252.60919424475668"
"N5";"fastap";"NDK";"83.86373998968762"
"N5";"knucleotide";"NDK";"84.29349597613334"
"N5";"nbody";"NDK";"2625.3065503536413"
"N5";"regexdna";"NDK";"121.33079997304279"
"N5";"regexdnap";"NDK";"142.46307242807706"
"N5";"revcomp";"NDK";"1.3393303416688045"
"N5";"spectral";"NDK";"221.09313853377662"
"N7";"binarytrees";"NDK";"471.81651866077107"
"N7";"fannkuch";"NDK";"3189.803434607316"
"N7";"fasta";"NDK";"484.9134445424598"
"N7";"fastap";"NDK";"124.46004932344438"
"N7";"knucleotide";"NDK";"102.24461269197738"
"N7";"nbody";"NDK";"7382.506264165624"
"N7";"regexdna";"NDK";"180.03143635592323"
"N7";"regexdnap";"NDK";"123.89831446856182"
"N7";"revcomp";"NDK";"6.513158356161913"
"N7";"spectral";"NDK";"293.1414269105466"
"Zenfone";"binarytrees";"NDK";"1681.3578389066058"
"Zenfone";"fannkuch";"NDK";"6961.8472669715875"
"Zenfone";"fasta";"NDK";"1437.566087956492"
"Zenfone";"fastap";"NDK";"867.6610298514048"
"Zenfone";"knucleotide";"NDK";"402.39959488040927"
"Zenfone";"nbody";"NDK";"2983.2522134414035"
"Zenfone";"regexdna";"NDK";"333.3303059772873"
"Zenfone";"regexdnap";"NDK";"239.09645951457338"
"Zenfone";"revcomp";"NDK";"14.57408323343595"
"Zenfone";"spectral";"NDK";"1981.781903205363"
